产线名称,用品编号,劳动防护用品名称,规格型号,库存数量
磨削产线,PPE-001,丁腈手套,100只/盒 TNPC10016 L号,100
磨削产线,PPE-002,丁腈手套,100只/盒 TNPC10015 M号,
磨削产线,PPE-003,加长丁腈手套,白色 16寸 25双 M号,
磨削产线,PPE-004,加长丁腈手套,白色 16寸 25双 L号,50
磨削产线,PPE-005,防滑防割手套,5级防切割手套耐磨防滑防切防扎刺,
磨削产线,PPE-006,防高温棉手套,霍尼韦尔 毛圈棉隔热手套 10双/包,
磨削产线,PPE-007,防高温手套,500℃ 凯夫拉,
磨削产线,PPE-008,防冻手套,均码 36cm 厚实牛皮,
磨削产线,PPE-009,棉手套,全棉L 24双/包 起订100包,
磨削产线,PPE-010,黄色麻点纱手套,600规格防滑点胶手套,
磨削产线,PPE-011,护腕,安踏 缠绕加压款,
磨削产线,PPE-012,护腕,L码 伊登 护大拇指款,
磨削产线,PPE-013,袖套,冰丝防晒,
磨削产线,PPE-014,袖套,防水,
磨削产线,PPE-015,连帽罩衣,2xl,
磨削产线,PPE-016,连帽罩衣,4xl,
磨削产线,PPE-017,围裙,牛皮围裙,
磨削产线,PPE-018,安全帽,霍尼韦尔/ H99S,
磨削产线,PPE-019,一次性防尘口罩,50只/可孚/大号,300
磨削产线,PPE-020,口罩,KN95 30只/盒,
磨削产线,PPE-021,口罩,KP95 5只/盒,30
磨削产线,PPE-022,半面罩,3M 6200防毒面具,
磨削产线,PPE-023,3M过滤棉,2097CN过滤棉 防颗粒物P100过滤 2片/袋,
磨削产线,PPE-024,3M过滤盒,6001CN滤毒盒 2只/袋,
磨削产线,PPE-025,近视眼镜侧面保护片,均码,
磨削产线,PPE-026,护目镜,防冲击,
磨削产线,PPE-027,护目镜,防蓝光,
磨削产线,PPE-028,耳塞,3M 防噪耳塞 200付/盒,
磨削产线,PPE-029,耳罩,头戴式降噪耳罩48.7dB/爱视易,
磨削产线,PPE-030,钢包头鞋套,国标 钢头,
磨削产线,PPE-031,护腰,2XL 带5钢板,
磨削产线,PPE-032,防静电手套,均码,
等离子产线,PPE-001,丁腈手套,100只/盒 TNPC10016 L号,57
等离子产线,PPE-002,丁腈手套,100只/盒 TNPC10015 M号,
等离子产线,PPE-003,加长丁腈手套,白色 16寸 25双 M号,
等离子产线,PPE-004,加长丁腈手套,白色 16寸 25双 L号,
等离子产线,PPE-005,防滑防割手套,5级防切割手套耐磨防滑防切防扎刺,
等离子产线,PPE-006,防高温棉手套,霍尼韦尔 毛圈棉隔热手套 10双/包,
等离子产线,PPE-007,防高温手套,500℃ 凯夫拉,
等离子产线,PPE-008,防冻手套,均码 36cm 厚实牛皮,
等离子产线,PPE-009,棉手套,全棉L 24双/包 起订100包,1896
等离子产线,PPE-010,黄色麻点纱手套,600规格防滑点胶手套,
等离子产线,PPE-011,护腕,安踏 缠绕加压款,
等离子产线,PPE-012,护腕,L码 伊登 护大拇指款,
等离子产线,PPE-013,袖套,冰丝防晒,
等离子产线,PPE-014,袖套,防水,
等离子产线,PPE-015,连帽罩衣,2xl,
等离子产线,PPE-016,连帽罩衣,4xl,6
等离子产线,PPE-017,围裙,牛皮围裙,
等离子产线,PPE-018,安全帽,霍尼韦尔/ H99S,
等离子产线,PPE-019,一次性防尘口罩,50只/可孚/大号,
等离子产线,PPE-020,口罩,KN95 30只/盒,150
等离子产线,PPE-021,口罩,KP95 5只/盒,
等离子产线,PPE-022,半面罩,3M 6200防毒面具,10
等离子产线,PPE-023,3M过滤棉,2097CN过滤棉 防颗粒物P100过滤 2片/袋,10
等离子产线,PPE-024,3M过滤盒,6001CN滤毒盒 2只/袋,
等离子产线,PPE-025,近视眼镜侧面保护片,均码,
等离子产线,PPE-026,护目镜,防冲击,
等离子产线,PPE-027,护目镜,防蓝光,
等离子产线,PPE-028,耳塞,3M 防噪耳塞 200付/盒,600
等离子产线,PPE-029,耳罩,头戴式降噪耳罩48.7dB/爱视易,
等离子产线,PPE-030,钢包头鞋套,国标 钢头,
等离子产线,PPE-031,护腰,2XL 带5钢板,
等离子产线,PPE-032,防静电手套,均码,
设备,PPE-001,丁腈手套,100只/盒 TNPC10016 L号,
设备,PPE-002,丁腈手套,100只/盒 TNPC10015 M号,
设备,PPE-003,加长丁腈手套,白色 16寸 25双 M号,
设备,PPE-004,加长丁腈手套,白色 16寸 25双 L号,
设备,PPE-005,防滑防割手套,5级防切割手套耐磨防滑防切防扎刺,
设备,PPE-006,防高温棉手套,霍尼韦尔 毛圈棉隔热手套 10双/包,
设备,PPE-007,防高温手套,500℃ 凯夫拉,
设备,PPE-008,防冻手套,均码 36cm 厚实牛皮,
设备,PPE-009,棉手套,全棉L 24双/包 起订100包,
设备,PPE-010,黄色麻点纱手套,600规格防滑点胶手套,
设备,PPE-011,护腕,安踏 缠绕加压款,
设备,PPE-012,护腕,L码 伊登 护大拇指款,
设备,PPE-013,袖套,冰丝防晒,
设备,PPE-014,袖套,防水,
设备,PPE-015,连帽罩衣,2xl,
设备,PPE-016,连帽罩衣,4xl,
设备,PPE-017,围裙,牛皮围裙,
设备,PPE-018,安全帽,霍尼韦尔/ H99S,
设备,PPE-019,一次性防尘口罩,50只/可孚/大号,
设备,PPE-020,口罩,KN95 30只/盒,
设备,PPE-021,口罩,KP95 5只/盒,
设备,PPE-022,半面罩,3M 6200防毒面具,
设备,PPE-023,3M过滤棉,2097CN过滤棉 防颗粒物P100过滤 2片/袋,
设备,PPE-024,3M过滤盒,6001CN滤毒盒 2只/袋,
设备,PPE-025,近视眼镜侧面保护片,均码,
设备,PPE-026,护目镜,防冲击,
设备,PPE-027,护目镜,防蓝光,
设备,PPE-028,耳塞,3M 防噪耳塞 200付/盒,
设备,PPE-029,耳罩,头戴式降噪耳罩48.7dB/爱视易,
设备,PPE-030,钢包头鞋套,国标 钢头,
设备,PPE-031,护腰,2XL 带5钢板,
设备,PPE-032,防静电手套,均码,
质检,PPE-001,丁腈手套,100只/盒 TNPC10016 L号,81
质检,PPE-002,丁腈手套,100只/盒 TNPC10015 M号,35
质检,PPE-003,加长丁腈手套,白色 16寸 25双 M号,
质检,PPE-004,加长丁腈手套,白色 16寸 25双 L号,25
质检,PPE-005,防滑防割手套,5级防切割手套耐磨防滑防切防扎刺,
质检,PPE-006,防高温棉手套,霍尼韦尔 毛圈棉隔热手套 10双/包,
质检,PPE-007,防高温手套,500℃ 凯夫拉,
质检,PPE-008,防冻手套,均码 36cm 厚实牛皮,
质检,PPE-009,棉手套,全棉L 24双/包 起订100包,
质检,PPE-010,黄色麻点纱手套,600规格防滑点胶手套,
质检,PPE-011,护腕,安踏 缠绕加压款,
质检,PPE-012,护腕,L码 伊登 护大拇指款,
质检,PPE-013,袖套,冰丝防晒,
质检,PPE-014,袖套,防水,
质检,PPE-015,连帽罩衣,2xl,
质检,PPE-016,连帽罩衣,4xl,
质检,PPE-017,围裙,牛皮围裙,
质检,PPE-018,安全帽,霍尼韦尔/ H99S,
质检,PPE-019,一次性防尘口罩,50只/可孚/大号,50
质检,PPE-020,口罩,KN95 30只/盒,
质检,PPE-021,口罩,KP95 5只/盒,
质检,PPE-022,半面罩,3M 6200防毒面具,
质检,PPE-023,3M过滤棉,2097CN过滤棉 防颗粒物P100过滤 2片/袋,
质检,PPE-024,3M过滤盒,6001CN滤毒盒 2只/袋,
质检,PPE-025,近视眼镜侧面保护片,均码,
质检,PPE-026,护目镜,防冲击,
质检,PPE-027,护目镜,防蓝光,
质检,PPE-028,耳塞,3M 防噪耳塞 200付/盒,320
质检,PPE-029,耳罩,头戴式降噪耳罩48.7dB/爱视易,
质检,PPE-030,钢包头鞋套,国标 钢头,
质检,PPE-031,护腰,2XL 带5钢板,
质检,PPE-032,防静电手套,均码,
超音速产线,PPE-001,丁腈手套,100只/盒 TNPC10016 L号,27
超音速产线,PPE-002,丁腈手套,100只/盒 TNPC10015 M号,
超音速产线,PPE-003,加长丁腈手套,白色 16寸 25双 M号,
超音速产线,PPE-004,加长丁腈手套,白色 16寸 25双 L号,
超音速产线,PPE-005,防滑防割手套,5级防切割手套耐磨防滑防切防扎刺,
超音速产线,PPE-006,防高温棉手套,霍尼韦尔 毛圈棉隔热手套 10双/包,
超音速产线,PPE-007,防高温手套,500℃ 凯夫拉,
超音速产线,PPE-008,防冻手套,均码 36cm 厚实牛皮,
超音速产线,PPE-009,棉手套,全棉L 24双/包 起订100包,
超音速产线,PPE-010,黄色麻点纱手套,600规格防滑点胶手套,
超音速产线,PPE-011,护腕,安踏 缠绕加压款,
超音速产线,PPE-012,护腕,L码 伊登 护大拇指款,
超音速产线,PPE-013,袖套,冰丝防晒,20
超音速产线,PPE-014,袖套,防水,23
超音速产线,PPE-015,连帽罩衣,2xl,
超音速产线,PPE-016,连帽罩衣,4xl,3
超音速产线,PPE-017,围裙,牛皮围裙,
超音速产线,PPE-018,安全帽,霍尼韦尔/ H99S,
超音速产线,PPE-019,一次性防尘口罩,50只/可孚/大号,100
超音速产线,PPE-020,口罩,KN95 30只/盒,60
超音速产线,PPE-021,口罩,KP95 5只/盒,
超音速产线,PPE-022,半面罩,3M 6200防毒面具,10
超音速产线,PPE-023,3M过滤棉,2097CN过滤棉 防颗粒物P100过滤 2片/袋,2
超音速产线,PPE-024,3M过滤盒,6001CN滤毒盒 2只/袋,
超音速产线,PPE-025,近视眼镜侧面保护片,均码,
超音速产线,PPE-026,护目镜,防冲击,1
超音速产线,PPE-027,护目镜,防蓝光,
超音速产线,PPE-028,耳塞,3M 防噪耳塞 200付/盒,200
超音速产线,PPE-029,耳罩,头戴式降噪耳罩48.7dB/爱视易,1
超音速产线,PPE-030,钢包头鞋套,国标 钢头,
超音速产线,PPE-031,护腰,2XL 带5钢板,
超音速产线,PPE-032,防静电手套,均码,
