编号,名称,规格型号,领用单位,采购单位,换算比例,分类,安全库存
PPE-001,丁腈手套,100只/盒 TNPC10016 L号,盒,盒,1,手部防护,0
PPE-002,丁腈手套,100只/盒 TNPC10015 M号,盒,盒,1,手部防护,0
PPE-003,加长丁腈手套,白色 16寸 25双 M号,双,包,25,手部防护,0
PPE-004,加长丁腈手套,白色 16寸 25双 L号,双,包,25,手部防护,0
PPE-005,防滑防割手套,5级防切割手套耐磨防滑防切防扎刺,副,副,1,手部防护,0
PPE-006,防高温棉手套,霍尼韦尔 毛圈棉隔热手套 10双/包,双,双,1,手部防护,0
PPE-007,防高温手套,500℃ 凯夫拉,副,副,1,手部防护,0
PPE-008,防冻手套,均码 36cm 厚实牛皮,副,副,1,手部防护,0
PPE-009,棉手套,全棉L 24双/包 起订100包,双,包,24,手部防护,0
PPE-010,黄色麻点纱手套,600规格防滑点胶手套,双,双,1,手部防护,0
PPE-011,护腕,安踏 缠绕加压款,副,副,1,手部防护,0
PPE-012,护腕,L码 伊登 护大拇指款,副,副,1,手部防护,0
PPE-013,袖套,冰丝防晒,双,双,1,手部防护,0
PPE-014,袖套,防水,双,双,1,手部防护,0
PPE-015,连帽罩衣,2xl,件,件,1,躯干防护,0
PPE-016,连帽罩衣,4xl,件,件,1,躯干防护,0
PPE-017,围裙,牛皮围裙,件,件,1,躯干防护,0
PPE-018,安全帽,霍尼韦尔/ H99S,顶,顶,1,头部防护,0
PPE-019,一次性防尘口罩,50只/可孚/大号,只,盒,50,呼吸防护,0
PPE-020,口罩,KN95 30只/盒,只,盒,30,呼吸防护,0
PPE-021,口罩,KP95 5只/盒,只,盒,5,呼吸防护,0
PPE-022,半面罩,3M 6200防毒面具,个,个,1,呼吸防护,0
PPE-023,3M过滤棉,2097CN过滤棉 防颗粒物P100过滤 2片/袋,袋,袋,1,呼吸防护,0
PPE-024,3M过滤盒,6001CN滤毒盒 2只/袋,袋,袋,1,呼吸防护,0
PPE-025,近视眼镜侧面保护片,均码,副,副,1,眼面部防护,0
PPE-026,护目镜,防冲击,副,副,1,眼面部防护,0
PPE-027,护目镜,防蓝光,副,副,1,眼面部防护,0
PPE-028,耳塞,3M 防噪耳塞 200付/盒,付,盒,200,听觉防护,0
PPE-029,耳罩,头戴式降噪耳罩48.7dB/爱视易,件,件,1,听觉防护,0
PPE-030,钢包头鞋套,国标 钢头,双,双,1,足部防护,0
PPE-031,护腰,2XL 带5钢板,副,副,1,躯干防护,0
PPE-032,防静电手套,均码,双,双,1,手部防护,0
